,Kanako Momota,Idol,Female
,Sora Tokui,Idol,Female
,Shiori Tamai,Idol,Female
,Ayaka Sasaki,Idol,Female
,Momoka Ariyasu,Idol,Female
,Reni Takagi,Idol,Female
,Akiyama Rina,Idol,Female
,Aya Ueto,Idol,Female
,Koike Eiko,Idol,Female
,Nakagawa Shoko,Idol,Female
,Natsukawa Jun,Idol,Female
,Uehara Takako,Idol,Female
,Yamamoto Azusa,Idol,Female
,Maeda Atsuko,Idol,Female
,Oshima Yuko,Idol,Female
,Itano Tomomi,Idol,Female
,Chise Nakamura,Idol,Female
,Haruna Iikubo,Idol,Female
,Haruka Kudo,Idol,Female
,Ayumi Ishida,Idol,Female
,Masaki Sato,Idol,Female
,Mizuki Fukumura,Idol,Female
,Erina Ikuta,Idol,Female
,Riho Sayashi,Idol,Female
,Kanon Suzuki,Idol,Female
,Umika Kawashima,Idol,Female
,Sayumi Michishige,Idol,Female
,Kusumi Koharu,Idol,Female
,Erina Mano,Idol,Female
,Aya Matsuura,Idol,Female
,Yuki Kashiwagi,Idol,Female
,Mayu Watanabe,Idol,Female
,Jurina Matsui,Idol,Female
,Rena Matsui,Idol,Female
,Minami Takahashi,Idol,Female
,Suzuko Mimori,Idol,Female
,Minami Minegishi,Idol,Female
,Haruna Kojima,Idol,Female
,Aki Takajo,Idol,Female
,Mariko Shinoda,Idol,Female
,Akimoto Sayaka,Idol,Female
,Tomomi Kasai,Idol,Female
,Rie Kitahara,Idol,Female
,Rino Sashihara,Idol,Female
,Yajima Maimi,Idol,Female
,Sae Miyazawa,Idol,Female
,Wakana Yamashita,Idol,Female
,Aki Hoshino,Models,Female
,Ayumi Kinoshita,Models,Female
,Riyo Mori,Models,Female
,Ebihara Yuri,Models,Female
,Fujiwara Norika,Models,Female
,Inoue Waka,Models,Female
,Mariya Nishiuchi,Models,Female
,May J.,Models,Female
,Meisa Kuroki,Models,Female
,Oshikiri Moe,Models,Female
,Rola,Models,Female
,Umemiya Anna,Models,Female
,Yamada Yu,Models,Female
,Kanata Hongo,Models,Female
,Tao Okamoto,Models,Female
,Suzuka Morita,Models,Female
,Yuka Hirata,Models,Female
,Honoka Miki,Models,Female
,Ai Otsuka,Musician,Female
,Ai Takahashi,Musician,Female
,Aiko Kayo,Musician,Female
,Akiko Wada,Musician,Female
,Alisa Durbrow,Musician,Female
,Angela Aki,Musician,Female
,Anna Tsuchiya,Musician,Female
,Airi Suzuki,Musician,Female
,Aya Hirano,Musician,Female
,Aya Matsuura,Musician,Female
,Aya Ueto,Musician,Female
,Ayaka Hirahara,Musician,Female
,Ayaka Komatsu,Musician,Female
,Ayaka,Musician,Female
,Ayumi Hamasaki,Musician,Female
,Beni Arashiro,Musician,Female
,Bonnie Pink,Musician,Female
,Chiaki Kuriyama,Musician,Female
,Chihiro Onitsuka,Musician,Female
,Chisaki Hama,Musician,Female
,Chitose Hajime,Musician,Female
,Crystal Kay,Musician,Female
,Erika Sawajiri,Musician,Female
,Emi Hinouchi,Musician,Female
,Emi Maria,Musician,Female
,Emyli,Musician,Female
,Garnet Crow,Musician,Female
,Goto Maki,Musician,Female
,Hagiwara Mai,Musician,Female
,Halna,Musician,Female
,Hikaru Nishida,Musician,Female
,Hiro,Musician,Female
,Hiroko Anzai,Musician,Female
,Hiroko Shimabukuro,Musician,Female
,hitomi,Musician,Female
,Ikue Sakakibara,Musician,Female
,Imai Eriko,Musician,Female
,JASMINE,Musician,Female
,Jun Natsukawa,Musician,Female
,Junko Sakurada,Musician,Female
,JYONGRI,Musician,Female
,Kiyoe Yoshioka,Musician,Female
,Kanako Enomoto,Musician,Female
,Kanbe Miyuki,Musician,Female
,Kanon Wakeshima,Musician,Female
,Kawabe Chieco,Musician,Female
,Kawase Tomoko,Musician,Female
,Keiko Kitagawa,Musician,Female
,Kumi Koda,Musician,Female
,Kusumi Koharu,Musician,Female
,Kyary Pamyu Pamyu,Musician,Female
,Lia,Musician,Female
,Lisa Yamaguchi,Musician,Female
,Maaya Sakamoto,Musician,Female
,Maeda Atsuko,Musician,Female
,May J.,Musician,Female
,Mari Amachi,Musician,Female
,Masako Mori,Musician,Female
,Meisa Kuroki,Musician,Female
,Megumi Odaka,Musician,Female
,Megumi,Musician,Female
,Megumi Hayashibara,Musician,Female
,Melody.,Musician,Female
,Mew Azama,Musician,Female
,MiCHi,Musician,Female
,Mihiro Taniguchi,Musician,Female
,Miho Komatsu,Musician,Female
,Miho Nakayama,Musician,Female
,Miho Yoshioka,Musician,Female
,Miki Fujimoto,Musician,Female
,Miliyah Kato,Musician,Female
,MINMI,Musician,Female
,Minori Chihara,Musician,Female
,Miyu Sawai,Musician,Female
,Mizuki Nana,Musician,Female
,Momoe Yamaguchi,Musician,Female
,Momoiro Clover Z,Musician,Female
,Myco,Musician,Female
,Mika Nakashima,Musician,Female
,Namie Amuro,Musician,Female
,Natsuyaki Miyabi,Musician,Female
,Noriko Sakai,Musician,Female
,Reina Tanaka,Musician,Female
,Reon Kadena,Musician,Female
,Ribbon,Musician,Female
,Ryōko Hirosue,Musician,Female
,Saori Minami,Musician,Female
,Sayaka,Musician,Female
,Sayumi Michishige,Musician,Female
,Seiko Matsuda,Musician,Female
,Shoko Nakagawa,Musician,Female
,Takako Ohta,Musician,Female
,Takako Uehara,Musician,Female
,Thelma Aoyama,Musician,Female
,Tomomi Itano,Musician,Female
,Tsugunaga Momoko,Musician,Female
,Utada Hikaru,Musician,Female
,Waka Inoue,Musician,Female
,Yajima Maimi,Musician,Female
,Yui,Musician,Female
,Yui Makino,Musician,Female
,Yukiko Okada,Musician,Female
,Yuko Ogura,Musician,Female
,Yuna Ito,Musician,Female